time,playerPosX,playerPosY,playerVelMod,playerVelDir,playerRowVelMod,playerRowVelDir,targetPosX,targetPosY,label
<<<<<<< HEAD
0.127665,-299.960266,-0.000133,0.000000,0.000000,0.008044,-0.472108,0.000000,0.000000,0
0.162441,-299.138397,-0.011373,61.643836,0.000000,0.006739,-0.392218,0.000000,0.000000,0
0.181669,-297.494873,-0.042797,123.287671,0.000038,0.005410,-0.317239,0.000000,0.000000,0
0.206578,-294.870056,-0.103756,184.931506,0.000144,2.625933,0.144347,0.000000,0.000000,0
0.231091,-290.854126,-0.256056,246.575338,0.000352,13.903707,0.050981,0.000000,0.000000,0
0.261639,-285.523560,-0.347471,308.219139,0.000880,37.326582,0.020438,0.000000,0.000000,0
0.284806,-279.149078,-0.467062,369.862957,0.001217,72.583846,0.011069,0.000000,0.000000,0
0.312993,-271.704010,-0.133502,431.506754,0.001673,117.372691,0.007702,0.000000,0.000000,0
0.343507,-263.155121,-0.216196,493.150288,0.000491,170.458749,0.006227,0.000000,0.000000,0
0.367252,-253.712112,0.440363,554.794097,0.000822,226.548726,0.003390,0.000000,0.000000,0
0.395622,-243.359406,0.590517,616.436119,-0.001736,285.299692,0.005300,0.000000,0.000000,0
0.421593,-232.116531,-0.241325,678.079807,-0.002427,345.765374,0.005125,0.000000,0.000000,0
0.443705,-219.927094,0.681554,739.719570,0.001040,408.491354,0.007093,0.000000,0.000000,0
0.468658,-206.737427,-0.096809,801.357070,-0.003099,473.926574,0.011348,0.000000,0.000000,0
0.576341,-192.554581,1.148512,862.995807,0.000468,541.258329,0.013105,0.000000,0.000000,0
0.593265,-177.314590,1.894772,924.621787,-0.005965,611.342634,0.014402,0.000000,0.000000,0
0.608171,-161.022873,1.003210,986.255319,-0.010686,683.055812,0.014537,0.000000,0.000000,0
0.628339,-143.686752,2.037059,1047.889365,-0.006230,756.373435,0.015634,0.000000,0.000000,0
0.638456,-126.920921,0.756883,986.212449,-0.014176,831.222656,0.016362,0.000000,0.000000,0
0.660301,-110.696960,1.436952,924.535353,-0.005963,907.581077,0.015225,0.000000,0.000000,0
0.682456,-95.411377,1.514707,862.868757,-0.012980,978.988213,0.012191,0.000000,0.000000,0
0.708535,-81.610748,0.559451,801.221309,-0.015874,1037.778825,0.008542,0.000000,0.000000,0
0.714500,-68.962219,0.486169,739.544885,-0.006855,1078.380545,0.005517,0.000000,0.000000,0
0.741434,-57.129559,0.400839,677.901035,-0.007050,1097.031805,0.002691,0.000000,0.000000,0
0.760018,-46.441170,0.124075,616.257199,-0.007016,1093.267757,0.000324,0.000000,0.000000,0
0.770447,-36.884392,1.190039,554.607548,-0.002672,1071.564561,-0.002283,0.000000,0.000000,0
0.804204,-28.573900,1.038502,492.721076,-0.032253,1034.811492,-0.004085,0.000000,0.000000,0
0.828613,-21.425797,0.171042,431.073149,-0.036328,987.415803,-0.005476,0.000000,0.000000,0
0.854756,-15.408432,0.569982,369.256146,-0.007983,931.606314,-0.007310,0.000000,0.000000,0
0.881826,-11.119613,-0.373044,269.958664,-0.036975,868.522609,-0.009270,0.000000,0.000000,0
0.903195,-8.678809,0.125266,154.871464,0.033536,800.029457,-0.011820,0.000000,0.000000,0
0.928286,-7.907547,0.291487,61.298758,-0.014433,726.339668,-0.013957,0.000000,0.000000,0
0.936143,-7.351950,-0.035754,77.321684,-0.036845,648.416383,-0.017187,0.000000,0.000000,0
0.963145,-6.955717,0.074557,84.214270,0.004863,565.813330,-0.021003,0.000000,0.000000,0
0.990201,-7.298073,-0.183680,13.304899,-0.010718,481.239507,-0.024226,0.000000,0.000000,0
1.006775,-6.791193,-0.194749,45.276468,0.025163,399.271556,-0.026462,0.000000,0.000000,0
1.015285,-6.323128,-0.165542,62.316974,0.028669,322.327446,-0.027518,0.000000,0.000000,0
1.038255,-7.426496,-0.219562,0.378447,0.026174,252.319529,-0.027344,0.000000,0.000000,0
0.020935,-7.686954,-0.586885,61.985727,-0.416972,192.147756,-0.024649,2638.000000,-1172.000000,1
0.030225,-7.313312,-1.491092,123.629562,-0.416820,140.378313,-0.019578,2638.000000,-1172.000000,1
0.054147,-6.689137,-2.610531,185.273394,-0.416586,97.118708,-0.013373,2638.000000,-1172.000000,1
0.077115,-4.975400,-4.134455,246.917223,-0.416319,64.237281,-0.011947,2638.000000,-1172.000000,1
0.082788,-1.872329,-5.738971,308.561052,-0.416077,45.309663,-0.079860,2638.000000,-1172.000000,1
0.113033,1.848223,-7.526769,370.204886,-0.416003,40.553325,-0.269621,2638.000000,-1172.000000,1
0.137039,6.193976,-9.560089,431.848722,-0.415957,49.037130,-0.482388,2638.000000,-1172.000000,1
0.162910,10.981681,-12.953902,493.492557,-0.415921,72.614795,-0.579720,2638.000000,-1172.000000,1
0.192984,16.901356,-16.790945,555.136351,-0.415514,110.980732,-0.591304,2638.000000,-1172.000000,1
0.218700,24.217180,-20.904413,616.780145,-0.415122,163.069363,-0.569227,2638.000000,-1172.000000,1
0.243521,32.909439,-25.480366,678.423955,-0.414837,226.949484,-0.541921,2638.000000,-1172.000000,1
0.371798,43.228783,-29.908514,740.067771,-0.414597,299.396421,-0.512356,2638.000000,-1172.000000,1
0.388902,54.783249,-35.002960,801.711606,-0.414633,378.816516,-0.485827,2638.000000,-1172.000000,1
0.407739,67.835342,-40.192558,863.355442,-0.414631,463.889704,-0.462722,2638.000000,-1172.000000,1
0.425624,82.056801,-46.031532,924.999263,-0.414812,552.340735,-0.444956,2638.000000,-1172.000000,1
0.452892,97.460205,-52.310493,986.643090,-0.414950,642.156259,-0.428960,2638.000000,-1172.000000,1
0.477833,113.949570,-59.081467,1048.286912,-0.415117,731.976779,-0.417257,2638.000000,-1172.000000,1
0.504097,131.507111,-66.242188,1109.930733,-0.415282,820.841690,-0.407668,2638.000000,-1172.000000,1
0.511280,150.020416,-73.915794,1171.574548,-0.415476,908.060270,-0.401977,2638.000000,-1172.000000,1
0.536256,169.508392,-81.960167,1233.218368,-0.415642,993.344650,-0.397763,2638.000000,-1172.000000,1
0.563237,189.391556,-91.618385,1294.862181,-0.415831,1076.610612,-0.396310,2638.000000,-1172.000000,1
0.591069,211.013275,-99.810074,1356.505958,-0.415531,1158.031989,-0.395586,2638.000000,-1172.000000,1
0.615513,232.724838,-110.314789,1418.149647,-0.415996,1238.476604,-0.395439,2638.000000,-1172.000000,1
0.638944,256.131256,-119.390228,1479.793412,-0.415678,1317.074770,-0.396830,2638.000000,-1172.000000,1
0.663310,280.218964,-129.348877,1541.437103,-0.416119,1394.628590,-0.398859,2638.000000,-1172.000000,1
0.687050,304.485474,-141.290680,1603.080893,-0.416363,1471.162506,-0.401462,2638.000000,-1172.000000,1
0.695718,330.513458,-151.669266,1664.724578,-0.415929,1546.843190,-0.403394,2638.000000,-1172.000000,1
0.719751,356.548950,-164.458862,1726.368276,-0.416334,1622.367145,-0.404984,2638.000000,-1172.000000,1
0.745627,384.317505,-175.760071,1788.011923,-0.415866,1697.178472,-0.407043,2638.000000,-1172.000000,1
0.770884,412.855713,-187.784927,1849.655644,-0.416223,1772.040267,-0.408840,2638.000000,-1172.000000,1
0.794564,442.145630,-200.563141,1911.299434,-0.416445,1846.839305,-0.410388,2638.000000,-1172.000000,1
0.821648,472.365997,-213.711594,1972.943266,-0.416512,1921.716287,-0.410990,2638.000000,-1172.000000,1
0.851837,502.928345,-228.521606,2034.587094,-0.416598,1996.485995,-0.411858,2638.000000,-1172.000000,1
0.864904,535.258789,-241.830093,2096.230671,-0.416094,2071.281398,-0.412241,2638.000000,-1172.000000,1
0.882446,567.750916,-257.291138,2157.874348,-0.416483,2146.659102,-0.412189,2638.000000,-1172.000000,1
0.909581,601.997681,-271.253174,2219.517975,-0.416043,2221.649118,-0.412276,2638.000000,-1172.000000,1
0.938899,637.004883,-285.959381,2281.161555,-0.416524,2296.662521,-0.412273,2638.000000,-1172.000000,1
0.961618,672.290955,-302.468018,2342.805269,-0.416850,2371.515103,-0.412253,2638.000000,-1172.000000,1
1.004380,709.241638,-317.692932,2404.448939,-0.416474,2446.339982,-0.411891,2638.000000,-1172.000000,1
1.032972,746.366272,-335.022736,2466.092491,-0.416960,2521.518215,-0.411524,2638.000000,-1172.000000,1
1.148948,785.058289,-351.258057,2527.736137,-0.416568,2596.364714,-0.411575,2638.000000,-1172.000000,1
1.165080,824.592468,-368.056702,2589.379772,-0.416967,2671.233522,-0.411797,2638.000000,-1172.000000,1
1.182213,864.516479,-386.410858,2651.023468,-0.417296,2745.970674,-0.412078,2638.000000,-1172.000000,1
1.201999,905.945374,-403.835144,2712.667177,-0.416987,2820.684510,-0.412158,2638.000000,-1172.000000,1
1.211690,947.709961,-422.974945,2774.310741,-0.417435,2895.569981,-0.412212,2638.000000,-1172.000000,1
1.241968,990.607361,-441.994934,2835.954448,-0.417130,2970.253360,-0.412473,2638.000000,-1172.000000,1
1.272935,1034.582031,-461.053619,2897.598283,-0.417124,3044.963609,-0.412838,2638.000000,-1172.000000,1
1.295913,1079.114014,-481.290405,2959.242047,-0.417347,3119.612756,-0.413083,2638.000000,-1172.000000,1
1.320880,1124.185303,-500.753754,2959.241944,-0.417084,3194.270778,-0.413094,2638.000000,-1172.000000,1
1.353534,1169.372681,-520.371704,2959.241828,-0.417363,3268.853635,-0.413127,2638.000000,-1172.000000,1
1.377600,1214.454346,-539.942139,2959.241744,-0.417602,3338.781410,-0.413193,2638.000000,-1172.000000,1
1.387275,1259.288452,-559.020020,2959.241649,-0.417855,3400.026525,-0.413209,2638.000000,-1172.000000,1
1.407401,1303.560547,-578.762573,2959.241276,-0.418357,3450.803852,-0.413191,2638.000000,-1172.000000,1
1.430361,1347.907471,-598.373291,2959.241274,-0.418320,3490.879679,-0.413351,2638.000000,-1172.000000,1
1.455966,1392.345337,-617.579407,2959.241268,-0.418388,3520.987739,-0.413662,2638.000000,-1172.000000,1
1.479372,1436.372681,-637.367676,2959.241065,-0.418758,3542.388560,-0.413908,2638.000000,-1172.000000,1
1.506523,1480.539795,-656.451721,2959.241038,-0.418624,3556.592051,-0.414205,2638.000000,-1172.000000,1
1.532416,1524.455811,-675.701782,2959.240791,-0.419033,3565.122815,-0.414537,2638.000000,-1172.000000,1
1.543532,1568.049927,-695.304688,2959.240711,-0.419266,3569.387635,-0.414842,2638.000000,-1172.000000,1
1.569987,1611.762817,-714.320068,2959.240684,-0.419131,3570.616637,-0.415092,2638.000000,-1172.000000,1
1.591823,1655.100342,-733.911865,2959.240477,-0.419505,3569.839630,-0.415344,2638.000000,-1172.000000,1
1.615927,1697.873169,-752.544434,2897.596567,-0.419281,3567.855496,-0.415653,2638.000000,-1172.000000,1
1.622403,1739.730591,-771.055298,2835.952518,-0.419664,3565.270133,-0.416000,2638.000000,-1172.000000,1
1.646859,1780.544678,-789.054504,2774.308650,-0.419816,3557.758063,-0.416366,2638.000000,-1172.000000,1
1.657308,1819.931274,-806.698364,2712.664752,-0.420029,3541.737634,-0.416681,2638.000000,-1172.000000,1
1.678957,1858.279419,-823.606934,2651.020912,-0.419974,3515.640251,-0.417075,2638.000000,-1172.000000,1
1.703364,1895.559082,-840.317200,2589.377006,-0.420204,3478.089295,-0.417566,2638.000000,-1172.000000,1
1.711452,1931.956299,-856.253357,2527.733166,-0.420145,3430.511060,-0.417941,2638.000000,-1172.000000,1
1.735895,1967.217529,-872.070007,2466.089145,-0.420528,3375.627293,-0.418020,2638.000000,-1172.000000,1
1.764354,2001.582642,-887.194641,2404.445305,-0.420468,3314.793172,-0.418084,2638.000000,-1172.000000,1
1.788011,2034.798706,-902.184021,2342.801350,-0.420784,3249.210979,-0.418041,2638.000000,-1172.000000,1
1.800555,2067.124023,-916.477234,2281.157479,-0.420612,3180.032957,-0.418189,2638.000000,-1172.000000,1
1.822500,2098.333008,-930.613159,2219.513577,-0.420854,3108.247047,-0.418292,2638.000000,-1172.000000,1
1.954186,2128.528076,-944.166565,2157.869667,-0.420597,3033.133344,-0.418371,2638.000000,-1172.000000,1
1.979949,2157.565918,-957.556091,2096.225825,-0.420519,2956.060199,-0.418719,2638.000000,-1172.000000,1
1.987019,2185.839844,-970.210022,2034.581475,-0.419818,2879.458488,-0.419685,2638.000000,-1172.000000,1
2.019172,2213.126709,-982.688293,1972.937635,-0.419756,2803.652456,-0.420587,2638.000000,-1172.000000,1
2.039005,2239.488525,-994.602722,1911.293456,-0.419166,2726.807810,-0.421340,2638.000000,-1172.000000,1
2.067149,2264.785645,-1006.311829,1849.649501,-0.418813,2649.478698,-0.422036,2638.000000,-1172.000000,1
2.097692,2289.248291,-1017.606506,1788.004736,-0.417811,2573.767192,-0.423140,2638.000000,-1172.000000,1
2.121842,2312.904297,-1028.457031,1726.359931,-0.416769,2499.546754,-0.423811,2638.000000,-1172.000000,1
2.131359,2335.421143,-1039.496216,1664.715280,-0.415797,2425.883849,-0.424215,2638.000000,-1172.000000,1
2.154543,2357.494385,-1049.229736,1603.063760,-0.412759,2352.794807,-0.423831,2638.000000,-1172.000000,1
2.176980,2378.375732,-1059.004028,1541.419892,-0.412557,2278.269877,-0.422857,2638.000000,-1172.000000,1
2.186631,2398.643799,-1067.619019,1479.772803,-0.410503,2202.943831,-0.421111,2638.000000,-1172.000000,1
2.208075,2418.036377,-1075.804932,1418.128579,-0.411227,2128.078172,-0.418982,2638.000000,-1172.000000,1
2.230480,2436.861816,-1082.712158,1356.483984,-0.412262,2052.398162,-0.416736,2638.000000,-1172.000000,1
2.239350,2454.252441,-1090.301270,1294.819491,-0.417780,1976.546208,-0.414227,2638.000000,-1172.000000,1
2.266420,2471.304199,-1096.509644,1233.175427,-0.418375,1902.908048,-0.412393,2638.000000,-1172.000000,1
2.288315,2487.033936,-1103.521362,1171.502598,-0.425232,1830.992726,-0.410878,2638.000000,-1172.000000,1
2.296208,2501.553955,-1111.017334,1109.858542,-0.425846,1760.074648,-0.410288,2638.000000,-1172.000000,1
2.326122,2516.057861,-1116.369385,1048.197656,-0.420303,1689.774623,-0.410210,2638.000000,-1172.000000,1
2.348112,2528.820312,-1123.104614,986.522756,-0.428002,1618.409524,-0.410598,2638.000000,-1172.000000,1
2.369461,2541.576904,-1127.646851,924.855142,-0.421059,1547.424609,-0.411559,2638.000000,-1172.000000,1
2.377082,2553.108154,-1132.617432,863.164440,-0.431126,1476.657520,-0.412618,2638.000000,-1172.000000,1
2.402156,2563.368652,-1138.109985,801.516077,-0.434365,1406.038183,-0.413840,2638.000000,-1172.000000,1
2.430836,2573.445312,-1141.611572,739.845899,-0.426257,1334.440856,-0.414426,2638.000000,-1172.000000,1
2.457002,2581.838623,-1146.298218,678.132544,-0.439966,1261.661895,-0.414976,2638.000000,-1172.000000,1
2.483090,2590.026123,-1149.193970,616.449337,-0.429190,1189.297525,-0.415954,2638.000000,-1172.000000,1
2.508471,2597.057129,-1152.345825,554.740059,-0.443762,1117.355408,-0.417274,2638.000000,-1172.000000,1
2.519046,2602.904297,-1155.815674,493.092239,-0.447552,1045.795384,-0.419193,2638.000000,-1172.000000,1
2.539246,2608.201904,-1158.244141,431.389435,-0.432086,974.444898,-0.420989,2638.000000,-1172.000000,1
2.566089,2612.559570,-1160.231934,369.745565,-0.432488,901.668991,-0.422933,2638.000000,-1172.000000,1
2.594734,2615.914062,-1161.866333,308.101619,-0.433261,827.445832,-0.426340,2638.000000,-1172.000000,1
2.620400,2618.655762,-1162.307251,246.456313,-0.430172,751.986819,-0.429686,2638.000000,-1172.000000,1
2.752096,2620.266357,-1162.875000,184.667273,-0.464500,677.301009,-0.431445,2638.000000,-1172.000000,1
2.767982,2622.406006,-1164.249756,245.953038,-0.475227,605.382557,-0.432215,2638.000000,-1172.000000,1
2.782310,2623.615479,-1164.996460,171.957698,-0.461246,533.692901,-0.432989,2638.000000,-1172.000000,1
2.805198,2625.331299,-1166.385254,208.927117,-0.453097,468.104531,-0.435435,2638.000000,-1172.000000,1
2.821942,2626.675537,-1166.970703,122.483731,-0.417183,410.917716,-0.438675,2638.000000,-1172.000000,1
2.837873,2628.020752,-1167.670532,144.929634,-0.417944,362.034591,-0.441951,2638.000000,-1172.000000,1
2.863777,2628.444824,-1167.505249,61.418812,-0.409340,320.809449,-0.446213,2638.000000,-1172.000000,1
2.888781,2628.898926,-1167.718750,89.399320,-0.439688,281.607877,-0.452836,2638.000000,-1172.000000,1
2.921934,2629.240234,-1168.128052,107.111676,-0.439698,241.318000,-0.457833,2638.000000,-1172.000000,1
2.945719,2629.778809,-1168.429565,116.758718,-0.416194,202.920133,-0.459813,2638.000000,-1172.000000,1
2.965575,2629.587158,-1168.559082,36.894543,-0.409718,171.545491,-0.458417,2638.000000,-1172.000000,1
2.975723,2630.346436,-1168.748047,66.423039,-0.388248,148.917574,-0.452828,2638.000000,-1172.000000,1
3.006583,2630.846191,-1168.884155,82.575795,-0.401781,128.435854,-0.444005,2638.000000,-1172.000000,1
3.026650,2631.140625,-1168.785889,90.079867,-0.410773,109.156306,-0.435018,2638.000000,-1172.000000,1
3.054869,2630.856689,-1168.596069,17.479526,-0.438191,92.972317,-0.422556,2638.000000,-1172.000000,1
3.079934,2631.274902,-1168.877808,49.768543,-0.444688,81.355269,-0.409769,2638.000000,-1172.000000,1
3.105843,2631.708496,-1169.047729,67.834406,-0.434649,72.790832,-0.399050,2638.000000,-1172.000000,1
3.131875,2632.028076,-1169.297363,76.324549,-0.438744,65.712416,-0.393050,2638.000000,-1172.000000,1
3.159880,2632.103027,-1169.244507,8.400493,-0.424978,62.058572,-0.391847,2638.000000,-1172.000000,1
0.024852,2631.743896,-1169.224731,53.426780,2.925977,61.807316,-0.396868,-1775.000000,-204.000000,2
0.047699,2630.352295,-1168.884766,115.070615,2.925964,62.915993,-0.408112,-1775.000000,-204.000000,2
0.075114,2627.925537,-1168.051758,176.714451,2.925972,61.575996,-0.430287,-1775.000000,-204.000000,2
0.091975,2625.034180,-1166.503662,238.358286,2.926037,56.300265,-0.466501,-1775.000000,-204.000000,2
0.108735,2622.061279,-1164.622925,300.002117,2.926236,47.341910,-0.536800,-1775.000000,-204.000000,2
0.135982,2619.011230,-1162.354492,361.645942,2.926503,35.532519,-0.692624,-1775.000000,-204.000000,2
0.162814,2615.886719,-1159.720459,423.289756,2.926851,23.350503,-1.103709,-1775.000000,-204.000000,2
0.186099,2612.669434,-1156.734863,484.933553,2.927275,20.931397,-2.054149,-1775.000000,-204.000000,2
0.210708,2609.421875,-1153.362305,546.577329,2.927773,36.258885,-2.704741,-1775.000000,-204.000000,2
0.238914,2605.343994,-1150.553345,608.221072,2.928354,58.744729,-2.956284,-1775.000000,-204.000000,2
0.263019,2600.283691,-1148.217651,669.864854,2.928774,83.137981,-3.084917,-1775.000000,-204.000000,2
0.378612,2593.867188,-1146.473511,731.508665,2.929045,111.342879,3.118757,-1775.000000,-204.000000,2
0.399720,2585.812012,-1145.582520,793.152498,2.929124,145.344441,3.070731,-1775.000000,-204.000000,2
0.423281,2578.216064,-1142.859375,854.796320,2.928938,185.075917,3.054496,-1775.000000,-204.000000,2
0.449875,2569.869385,-1140.382324,916.440132,2.929176,230.250099,3.063590,-1775.000000,-204.000000,2
0.459641,2560.538086,-1138.342285,978.083957,2.929325,280.728463,3.082067,-1775.000000,-204.000000,2
0.485139,2550.021973,-1136.739624,1039.727793,2.929331,336.227895,3.097534,-1775.000000,-204.000000,2
0.505157,2536.750977,-1137.683838,1101.371617,2.929185,396.396603,3.107358,-1775.000000,-204.000000,2
0.529575,2522.292236,-1138.678101,1163.015061,2.928341,460.767567,3.110836,-1775.000000,-204.000000,2
0.560611,2506.974121,-1139.370361,1224.658408,2.927424,528.717418,3.108066,-1775.000000,-204.000000,2
0.568702,2490.897705,-1139.560303,1286.301751,2.926527,598.832371,3.097940,-1775.000000,-204.000000,2
0.594011,2474.142090,-1139.070557,1347.945145,2.925699,669.735046,3.080476,-1775.000000,-204.000000,2
0.618481,2457.230713,-1136.329468,1409.588636,2.924984,740.413227,3.056574,-1775.000000,-204.000000,2
0.643566,2439.416260,-1133.254395,1471.232438,2.924763,810.242229,3.027470,-1775.000000,-204.000000,2
0.671320,2421.206543,-1128.054199,1532.876246,2.924571,881.826142,2.997247,-1775.000000,-204.000000,2
0.697906,2401.878174,-1122.496948,1594.520026,2.924840,956.957200,2.968570,-1775.000000,-204.000000,2
0.724558,2380.458252,-1118.973389,1656.163791,2.925137,1036.635885,2.942761,-1775.000000,-204.000000,2
0.749401,2357.691895,-1115.156616,1717.807566,2.924865,1121.538790,2.920509,-1775.000000,-204.000000,2
0.776326,2333.836670,-1110.633057,1779.451336,2.924589,1209.115059,2.901584,-1775.000000,-204.000000,2
0.801235,2308.868408,-1106.141357,1841.095145,2.924418,1296.443221,2.885079,-1775.000000,-204.000000,2
0.810375,2283.585938,-1098.254272,1902.738929,2.924181,1384.531493,2.870413,-1775.000000,-204.000000,2
0.829345,2257.160156,-1089.974609,1964.382486,2.924721,1473.862225,2.858029,-1775.000000,-204.000000,2
0.837202,2229.366455,-1081.909058,2026.025990,2.925303,1565.024892,2.847693,-1775.000000,-204.000000,2
0.876897,2200.322754,-1073.515991,2087.669605,2.925769,1657.804785,2.839335,-1775.000000,-204.000000,2
0.892175,2169.418213,-1067.619751,2149.313194,2.926256,1752.287189,2.832561,-1775.000000,-204.000000,2
0.918357,2137.875488,-1058.624634,2210.956983,2.926047,1847.629168,2.827393,-1775.000000,-204.000000,2
0.942248,2105.080811,-1049.840942,2272.600531,2.926556,1942.171655,2.824160,-1775.000000,-204.000000,2
0.950307,2071.487305,-1038.438965,2334.244186,2.926955,2036.576340,2.822232,-1775.000000,-204.000000,2
0.980155,2036.615601,-1026.598267,2395.886825,2.927967,2132.160528,2.820922,-1775.000000,-204.000000,2
1.004740,2000.300415,-1014.985107,2457.529285,2.929039,2229.587867,2.819943,-1775.000000,-204.000000,2
1.031913,1962.307007,-1005.143555,2519.171998,2.929995,2328.132460,2.819636,-1775.000000,-204.000000,2
1.062907,1923.412720,-993.488037,2580.815601,2.930425,2424.737265,2.821050,-1775.000000,-204.000000,2
1.226806,1883.659058,-980.129761,2642.458487,2.931282,2518.143214,2.824236,-1775.000000,-204.000000,2
1.233976,1842.719116,-967.272278,2704.100178,2.932556,2607.984407,2.829132,-1775.000000,-204.000000,2
1.258093,1800.930664,-952.691589,2765.742366,2.933660,2696.357303,2.834946,-1775.000000,-204.000000,2
1.285103,1757.527710,-940.141113,2827.382906,2.935204,2785.040071,2.841003,-1775.000000,-204.000000,2
1.312061,1712.870483,-927.506470,2889.025494,2.936144,2874.743459,2.846972,-1775.000000,-204.000000,2
1.337507,1667.000366,-914.656067,2950.668121,2.937058,2964.834989,2.852900,-1775.000000,-204.000000,2
1.359331,1620.724976,-901.850891,2950.666847,2.937988,3054.847279,2.858809,-1775.000000,-204.000000,2
1.367738,1574.037109,-889.126160,2950.665603,2.938906,3144.831289,2.864610,-1775.000000,-204.000000,2
1.397639,1527.063599,-876.799438,2950.664416,2.939803,3231.596811,2.871018,-1775.000000,-204.000000,2
1.424895,1480.017334,-865.259705,2950.663496,2.940593,3311.167137,2.878243,-1775.000000,-204.000000,2
1.448506,1432.848877,-854.359619,2950.663005,2.941169,3379.831221,2.885729,-1775.000000,-204.000000,2
1.473841,1385.433960,-843.885681,2950.662776,2.941564,3436.066848,2.893123,-1775.000000,-204.000000,2
1.481433,1337.963257,-833.735840,2950.662675,2.941825,3479.951582,2.900190,-1775.000000,-204.000000,2
1.503983,1290.558350,-823.829712,2950.662634,2.941992,3512.537103,2.906757,-1775.000000,-204.000000,2
1.533657,1243.287476,-814.110107,2950.662620,2.942091,3535.394939,2.912710,-1775.000000,-204.000000,2
1.561140,1196.181030,-804.535950,2950.662616,2.942142,3550.289818,2.917985,-1775.000000,-204.000000,2
1.586994,1149.245239,-795.070862,2950.662615,2.942159,3558.958821,2.922562,-1775.000000,-204.000000,2
1.613283,1102.471191,-785.678223,2950.662615,2.942152,3562.998656,2.926443,-1775.000000,-204.000000,2
1.643200,1055.840088,-776.326599,2950.662615,2.942132,3563.800256,2.929656,-1775.000000,-204.000000,2
1.662059,1009.329346,-766.990112,2950.662614,2.942106,3562.493722,2.932248,-1775.000000,-204.000000,2
1.685915,962.916077,-757.649048,2950.662613,2.942083,3559.955321,2.934272,-1775.000000,-204.000000,2
1.714941,916.578308,-748.289551,2950.662612,2.942068,3556.836068,2.935796,-1775.000000,-204.000000,2
1.726727,870.296326,-738.903442,2950.662612,2.942064,3553.595633,2.936889,-1775.000000,-204.000000,2
1.750983,824.129761,-729.096130,2950.662612,2.942074,3550.534431,2.937624,-1775.000000,-204.000000,2
1.777659,777.932434,-719.545227,2950.662567,2.942248,3547.828505,2.938071,-1775.000000,-204.000000,2
1.810827,731.752380,-709.954407,2950.662557,2.942330,3545.558883,2.938409,-1775.000000,-204.000000,2
1.834724,685.644226,-700.016113,2950.662542,2.942432,3543.743630,2.938581,-1775.000000,-204.000000,2
1.862704,639.384521,-690.827637,2950.662452,2.942679,3542.356142,2.938591,-1775.000000,-204.000000,2
1.870694,593.248718,-680.992004,2950.662448,2.942624,3541.352915,2.938648,-1775.000000,-204.000000,2
1.978039,547.057617,-671.399170,2950.662379,2.942840,3540.674835,2.938750,-1775.000000,-204.000000,2
1.998564,500.754456,-662.332947,2950.662358,2.942960,3540.247110,2.938871,-1775.000000,-204.000000,2
2.022685,454.571503,-652.632996,2950.662341,2.942853,3540.013541,2.939058,-1775.000000,-204.000000,2
2.049041,408.252716,-643.582764,2950.662297,2.943025,3539.927400,2.939330,-1775.000000,-204.000000,2
2.058873,362.063324,-633.857483,2950.662276,2.942906,3539.938388,2.939674,-1775.000000,-204.000000,2
2.085528,315.832703,-624.319275,2950.662222,2.943097,3540.009273,2.940011,-1775.000000,-204.000000,2
2.110879,269.571838,-614.918579,2950.662205,2.943207,3540.107837,2.940302,-1775.000000,-204.000000,2
2.137493,223.292343,-605.601013,2950.662201,2.943255,3540.216465,2.940603,-1775.000000,-204.000000,2
2.160043,177.017853,-596.251099,2950.662201,2.943263,3540.323315,2.941056,-1775.000000,-204.000000,2
2.182947,130.727325,-586.977844,2950.662200,2.943287,3540.418325,2.941436,-1775.000000,-204.000000,2
2.193812,84.457352,-577.600586,2950.662200,2.943273,3540.497489,2.941825,-1775.000000,-204.000000,2
2.220768,38.242264,-567.951172,2950.662198,2.943313,3540.561206,2.942055,-1775.000000,-204.000000,2
2.242120,-8.088633,-558.876404,2950.662143,2.943506,3540.610219,2.942271,-1775.000000,-204.000000,2
2.264943,-54.323620,-549.326843,2950.662121,2.943384,3540.647554,2.942505,-1775.000000,-204.000000,2
2.290006,-100.692123,-540.440918,2950.662089,2.943531,3540.671786,2.942785,-1775.000000,-204.000000,2
2.300314,-146.994614,-531.228882,2950.662003,2.943290,3540.686715,2.943106,-1775.000000,-204.000000,2
2.309856,-193.296722,-522.016174,2950.661999,2.943236,3540.694852,2.943417,-1775.000000,-204.000000,2
2.325927,-239.578079,-512.700562,2950.661994,2.943179,3540.699428,2.943688,-1775.000000,-204.000000,2
2.360317,-285.864349,-503.410400,2950.661994,2.943185,3540.699968,2.943759,-1775.000000,-204.000000,2
2.393443,-332.135529,-494.045837,2950.661993,2.943175,3540.698006,2.943799,-1775.000000,-204.000000,2
2.422347,-378.424286,-484.769653,2950.661991,2.943216,3540.694070,2.943699,-1775.000000,-204.000000,2
2.430360,-424.701263,-475.435394,2950.661990,2.943196,3540.689490,2.943639,-1775.000000,-204.000000,2
2.452404,-470.990143,-466.160645,2950.661990,2.943218,3540.684655,2.943499,-1775.000000,-204.000000,2
2.484541,-517.266602,-456.824280,2950.661989,2.943195,3540.680239,2.943438,-1775.000000,-204.000000,2
2.513269,-563.554871,-447.546783,2950.661988,2.943221,3540.676449,2.943321,-1775.000000,-204.000000,2
2.541722,-609.830933,-438.208588,2950.661987,2.943199,3540.673614,2.943294,-1775.000000,-204.000000,2
2.567111,-656.119202,-428.931213,2950.661986,2.943228,3540.671155,2.943213,-1775.000000,-204.000000,2
2.603731,-702.395569,-419.594421,2950.661985,2.943205,3540.669334,2.943220,-1775.000000,-204.000000,2
2.632786,-747.878357,-410.480804,2889.018148,2.943235,3540.667624,2.943169,-1775.000000,-204.000000,2
2.659600,-792.534546,-401.425354,2827.374312,2.943208,3540.666998,2.943200,-1775.000000,-204.000000,2
2.685294,-836.033447,-392.276611,2765.730468,2.943285,3535.919195,2.943184,-1775.000000,-204.000000,2
2.827082,-878.202026,-383.703278,2704.086391,2.943702,3522.562958,2.943190,-1775.000000,-204.000000,2
2.849633,-919.100525,-375.064484,2642.442534,2.943829,3498.837973,2.943252,-1775.000000,-204.000000,2
2.877251,-959.234009,-367.531769,2580.798371,2.944327,3464.519123,2.943393,-1775.000000,-204.000000,2
2.904087,-998.203064,-359.634644,2519.154107,2.943751,3420.335478,2.943584,-1775.000000,-204.000000,2
2.914218,-1036.088623,-351.987091,2457.510258,2.943856,3367.709318,2.943702,-1775.000000,-204.000000,2
2.936272,-1072.867188,-344.590454,2395.866415,2.943931,3308.084724,2.943908,-1775.000000,-204.000000,2
2.962002,-1108.387451,-336.794647,2334.222577,2.943973,3242.729495,2.944217,-1775.000000,-204.000000,2
2.970279,-1143.077026,-330.600464,2272.577607,2.944959,3173.043815,2.944562,-1775.000000,-204.000000,2
3.006651,-1176.511353,-323.864105,2210.932422,2.943869,3100.279579,2.944845,-1775.000000,-204.000000,2
3.026728,-1209.099487,-318.324371,2149.288582,2.943930,3025.914773,2.944966,-1775.000000,-204.000000,2
3.056742,-1240.466187,-312.039520,2087.641727,2.942254,2950.641748,2.945257,-1775.000000,-204.000000,2
3.085396,-1270.657715,-305.141541,2025.997882,2.942160,2874.989692,2.945373,-1775.000000,-204.000000,2
3.115255,-1300.206055,-300.148224,1964.351718,2.943677,2799.270625,2.945541,-1775.000000,-204.000000,2
3.141504,-1328.352905,-293.494354,1902.704385,2.941789,2723.107919,2.945685,-1775.000000,-204.000000,2
3.160390,-1355.950439,-289.035370,1841.056541,2.943842,2647.470204,2.945597,-1775.000000,-204.000000,2
3.174821,-1382.404297,-283.858032,1779.407156,2.941387,2572.375729,2.945572,-1775.000000,-204.000000,2
3.194839,-1407.706299,-277.879913,1717.763127,2.940920,2497.858391,2.945508,-1775.000000,-204.000000,2
3.223909,-1432.456665,-274.003174,1656.115229,2.943095,2423.802068,2.945695,-1775.000000,-204.000000,2
3.250695,-1455.775635,-268.232269,1594.463491,2.940005,2349.263355,2.945889,-1775.000000,-204.000000,2
3.275896,-1478.583008,-264.704742,1532.812360,2.943030,2275.302101,2.945717,-1775.000000,-204.000000,2
3.303932,-1500.259033,-260.429596,1471.159456,2.939591,2201.831007,2.945519,-1775.000000,-204.000000,2
3.329933,-1520.784058,-255.316330,1409.515379,2.939018,2128.760955,2.945219,-1775.000000,-204.000000,2
3.357197,-1540.776855,-252.354263,1347.863443,2.942408,2055.908063,2.945201,-1775.000000,-204.000000,2
3.385756,-1559.318237,-247.495575,1286.206556,2.938007,1982.096068,2.945184,-1775.000000,-204.000000,2
3.407197,-1577.353882,-244.869415,1224.549180,2.942596,1908.736012,2.944771,-1775.000000,-204.000000,2
3.435225,-1594.262207,-241.530838,1162.890581,2.937686,1835.727056,2.944359,-1775.000000,-204.000000,2
3.465849,-1610.026978,-237.386154,1101.246338,2.936849,1763.077390,2.943875,-1775.000000,-204.000000,2
3.584101,-1625.252441,-235.300354,1039.588365,2.941916,1690.665020,2.943781,-1775.000000,-204.000000,2
3.602688,-1639.048096,-231.475662,977.923388,2.935538,1617.104443,2.943754,-1775.000000,-204.000000,2
3.631049,-1652.309082,-229.703445,916.257983,2.942180,1544.002054,2.943353,-1775.000000,-204.000000,2
3.657302,-1664.471558,-227.322464,854.591063,2.935082,1471.343772,2.942958,-1775.000000,-204.000000,2
3.664373,-1675.518555,-224.228546,792.946332,2.933635,1399.137606,2.942410,-1775.000000,-204.000000,2
3.685904,-1685.988525,-222.949219,731.281060,2.940988,1327.224011,2.942313,-1775.000000,-204.000000,2
3.711527,-1695.090454,-220.251190,669.606619,2.931839,1254.031608,2.942330,-1775.000000,-204.000000,2
3.735362,-1703.647339,-219.552048,607.934936,2.940959,1181.182223,2.941956,-1775.000000,-204.000000,2
3.743342,-1711.084229,-218.150986,546.231776,2.926989,1108.742839,2.941555,-1775.000000,-204.000000,2
3.770088,-1719.112427,-215.719437,607.872670,2.923707,1038.131529,2.940716,-1775.000000,-204.000000,2
3.798313,-1726.569458,-214.794403,546.190817,2.934891,968.643842,2.940053,-1775.000000,-204.000000,2
3.824033,-1732.901855,-212.704010,484.503639,2.922293,900.323053,2.939977,-1775.000000,-204.000000,2
3.847288,-1738.972656,-212.140839,422.802223,2.937710,837.359666,2.940755,-1775.000000,-204.000000,2
3.876487,-1743.671875,-211.403458,361.087219,2.919362,780.244016,2.941903,-1775.000000,-204.000000,2
3.905543,-1746.889282,-210.305588,299.425932,2.909530,726.516286,2.942809,-1775.000000,-204.000000,2
3.930420,-1751.166138,-209.429337,361.050303,2.920933,673.780423,2.943818,-1775.000000,-204.000000,2
3.953496,-1754.513428,-208.314072,299.404481,2.917615,618.707907,2.944164,-1775.000000,-204.000000,2
3.964579,-1757.595459,-208.110870,237.720239,2.934045,567.850961,2.943693,-1775.000000,-204.000000,2
3.985650,-1759.988403,-207.653442,166.432116,2.909648,520.128677,2.942503,-1775.000000,-204.000000,2
4.011201,-1762.412964,-207.099808,200.455664,2.902859,476.187865,2.940018,-1775.000000,-204.000000,2
4.040180,-1763.171753,-206.966995,111.754182,2.900128,433.072724,2.937575,-1775.000000,-204.000000,2
4.050999,-1764.434326,-206.340210,135.397903,2.895824,390.760296,2.934890,-1775.000000,-204.000000,2
4.068297,-1764.950562,-206.397156,54.213997,2.923620,346.246170,2.932694,-1775.000000,-204.000000,2
4.087673,-1765.525513,-206.256256,83.265118,2.907432,302.782660,2.929326,-1775.000000,-204.000000,2
4.118164,-1766.355957,-206.219864,101.122336,2.907807,262.477508,2.923763,-1775.000000,-204.000000,2
4.141043,-1766.247314,-206.193619,26.361265,2.890216,225.219629,2.916067,-1775.000000,-204.000000,2
4.148892,-1766.645508,-205.845612,59.111963,2.896028,191.974018,2.908053,-1775.000000,-204.000000,2
4.175883,-1767.496826,-205.670746,78.966381,2.924172,162.417034,2.901271,-1775.000000,-204.000000,2
4.202340,-1767.924561,-205.579422,87.172242,2.922495,135.567615,2.895612,-1775.000000,-204.000000,2
4.210002,-1767.701416,-205.597992,15.369684,2.921967,113.203423,2.890346,-1775.000000,-204.000000,2
4.232969,-1768.233032,-205.669647,47.071102,2.926048,96.083962,2.886129,-1775.000000,-204.000000,2
4.254990,-1768.599365,-205.554810,64.168564,2.899689,82.638200,2.884379,-1775.000000,-204.000000,2
4.264015,-1768.863281,-205.329208,72.201016,2.903293,72.067610,2.886440,-1775.000000,-204.000000,2
4.286930,-1768.745117,-205.434235,5.902693,2.928288,64.069708,2.895108,-1775.000000,-204.000000,2
0.107359,-1768.212280,-205.678787,55.784207,-0.334173,59.685297,2.909703,1597.000000,-1374.000000,3
0.126198,-1766.640259,-206.121994,117.428043,-0.334157,57.870303,2.919740,1597.000000,-1374.000000,3
0.152273,-1763.975342,-206.372498,179.071878,-0.334184,55.714309,2.922096,1597.000000,-1374.000000,3
0.176529,-1760.715942,-206.223740,240.715711,-0.334363,51.587302,2.921092,1597.000000,-1374.000000,3
0.189573,-1757.301147,-205.673126,302.359533,-0.334704,44.544181,2.923108,1597.000000,-1374.000000,3
0.209855,-1753.724609,-204.768646,364.003336,-0.335166,34.639563,2.949687,1597.000000,-1374.000000,3
0.235512,-1749.998169,-203.581573,425.647112,-0.335738,22.001029,3.079730,1597.000000,-1374.000000,3
0.260483,-1746.120239,-202.140747,487.290854,-0.336400,9.290501,-2.390252,1597.000000,-1374.000000,3
0.286442,-1741.848755,-201.619522,548.934555,-0.337146,19.603143,-0.939043,1597.000000,-1374.000000,3
0.298634,-1737.263428,-200.780060,610.578311,-0.337684,41.372628,-0.671789,1597.000000,-1374.000000,3
0.321898,-1731.908203,-201.279129,672.222016,-0.338338,68.373175,-0.584121,1597.000000,-1374.000000,3
0.350688,-1725.588257,-203.407135,733.865805,-0.338708,100.974571,-0.557151,1597.000000,-1374.000000,3
0.379278,-1718.498169,-205.457108,795.509641,-0.338734,140.089747,-0.542105,1597.000000,-1374.000000,3
0.409317,-1710.393066,-209.716812,857.153471,-0.338855,185.408299,-0.536892,1597.000000,-1374.000000,3
0.437967,-1701.529907,-214.341309,918.797245,-0.338477,236.375215,-0.540790,1597.000000,-1374.000000,3
0.464343,-1691.981079,-219.467163,980.441005,-0.338071,292.535956,-0.548964,1597.000000,-1374.000000,3
0.496370,-1681.651245,-225.259720,1042.084729,-0.337593,353.319641,-0.555607,1597.000000,-1374.000000,3
0.517868,-1670.475708,-231.606216,1103.728384,-0.337004,417.851668,-0.556203,1597.000000,-1374.000000,3
0.547226,-1658.407593,-238.440857,1165.371977,-0.336341,484.963035,-0.548744,1597.000000,-1374.000000,3
0.573327,-1645.360718,-245.743561,1227.015514,-0.335625,553.369588,-0.532874,1597.000000,-1374.000000,3
0.598346,-1631.339478,-253.314545,1288.658998,-0.334869,621.911577,-0.509205,1597.000000,-1374.000000,3
0.625860,-1616.290649,-260.508606,1350.302477,-0.334125,689.706180,-0.478842,1597.000000,-1374.000000,3
0.633333,-1600.138550,-266.652496,1411.946110,-0.333577,756.190904,-0.443060,1597.000000,-1374.000000,3
0.661158,-1582.783569,-270.884277,1473.589930,-0.333425,821.129389,-0.403151,1597.000000,-1374.000000,3
0.685112,-1564.510132,-275.597656,1535.233581,-0.333924,887.600788,-0.362616,1597.000000,-1374.000000,3
0.710683,-1545.190063,-281.305237,1596.877255,-0.334383,958.779620,-0.324634,1597.000000,-1374.000000,3
0.742655,-1524.967529,-288.730042,1658.521026,-0.334668,1034.121790,-0.290288,1597.000000,-1374.000000,3
0.768061,-1504.409546,-298.990814,1720.164851,-0.334556,1111.443746,-0.261829,1597.000000,-1374.000000,3
0.794264,-1482.311035,-306.736420,1781.807996,-0.333660,1189.095174,-0.240848,1597.000000,-1374.000000,3
0.931447,-1459.499146,-314.880096,1843.451831,-0.333635,1265.972214,-0.227098,1597.000000,-1374.000000,3
0.948482,-1434.865967,-320.760834,1905.095662,-0.333566,1343.829317,-0.217765,1597.000000,-1374.000000,3
0.962703,-1408.341797,-324.691132,1966.738916,-0.334348,1423.907852,-0.210953,1597.000000,-1374.000000,3
0.986131,-1381.840332,-332.423737,2028.380334,-0.335916,1506.960338,-0.205468,1597.000000,-1374.000000,3
0.994870,-1353.241089,-338.159698,2090.023960,-0.336370,1593.985159,-0.200219,1597.000000,-1374.000000,3
1.018810,-1324.455322,-347.168488,2151.666064,-0.337658,1684.042747,-0.195464,1597.000000,-1374.000000,3
1.046946,-1294.500122,-356.575317,2213.309779,-0.337992,1776.799348,-0.191148,1597.000000,-1374.000000,3
1.076567,-1262.155029,-363.452972,2274.953482,-0.338337,1871.133976,-0.187623,1597.000000,-1374.000000,3
1.103922,-1229.468262,-372.785736,2336.595086,-0.339738,1966.247223,-0.185204,1597.000000,-1374.000000,3
1.130016,-1194.243164,-379.362335,2398.238352,-0.340436,2061.092677,-0.184449,1597.000000,-1374.000000,3
1.158537,-1157.722290,-386.156372,2459.877962,-0.342314,2155.477992,-0.185180,1597.000000,-1374.000000,3
1.185747,-1120.893555,-395.412170,2521.516868,-0.344316,2249.621119,-0.187050,1597.000000,-1374.000000,3
1.211226,-1081.318604,-401.350189,2583.158614,-0.345603,2342.932416,-0.190231,1597.000000,-1374.000000,3
1.241892,-1040.988037,-408.684937,2644.792722,-0.348347,2435.803414,-0.194361,1597.000000,-1374.000000,3
1.262894,-999.923767,-417.410278,2706.428643,-0.350794,2527.799970,-0.199389,1597.000000,-1374.000000,3
1.287035,-957.160034,-425.140015,2768.066292,-0.352932,2619.428151,-0.205042,1597.000000,-1374.000000,3
1.312136,-914.084900,-435.548492,2829.699562,-0.355695,2711.258375,-0.210992,1597.000000,-1374.000000,3
1.321564,-869.851929,-446.454468,2891.337984,-0.357651,2803.425458,-0.217020,1597.000000,-1374.000000,3
1.342401,-824.442871,-457.674927,2952.976042,-0.359650,2894.878880,-0.223260,1597.000000,-1374.000000,3
1.371645,-778.745483,-469.247192,2952.969429,-0.361767,2985.900789,-0.229506,1597.000000,-1374.000000,3
1.399340,-732.787292,-481.126007,2952.962889,-0.363871,3075.874279,-0.235846,1597.000000,-1374.000000,3
1.419795,-686.922302,-493.576721,2952.956339,-0.365977,3160.798940,-0.243203,1597.000000,-1374.000000,3
1.445769,-641.635376,-507.321259,2952.950692,-0.367933,3238.198449,-0.252088,1597.000000,-1374.000000,3
1.453509,-596.695801,-522.423035,2952.947616,-0.369376,3306.951848,-0.262659,1597.000000,-1374.000000,3
1.477082,-551.849609,-539.011597,2952.946393,-0.370287,3367.199835,-0.274796,1597.000000,-1374.000000,3
1.496576,-507.181305,-556.919495,2952.946231,-0.370618,3419.124019,-0.288015,1597.000000,-1374.000000,3
1.523028,-461.992371,-573.897400,2952.946155,-0.370391,3461.838117,-0.301300,1597.000000,-1374.000000,3
1.551383,-416.833801,-590.986755,2952.946069,-0.370631,3495.401009,-0.313844,1597.000000,-1374.000000,3
1.565728,-371.574951,-607.648010,2952.946011,-0.370829,3520.521869,-0.325435,1597.000000,-1374.000000,3
1.583817,-326.309692,-623.965515,2952.945760,-0.371242,3538.360002,-0.335664,1597.000000,-1374.000000,3
1.716267,-281.732117,-641.608032,2952.945248,-0.371831,3550.185452,-0.344203,1597.000000,-1374.000000,3
1.732750,-237.368561,-659.378784,2952.945227,-0.371711,3557.218383,-0.351117,1597.000000,-1374.000000,3
1.747282,-193.141083,-677.120789,2952.945152,-0.371486,3560.636160,-0.356815,1597.000000,-1374.000000,3
1.767842,-148.983154,-694.714172,2952.945061,-0.371237,3561.479955,-0.361209,1597.000000,-1374.000000,3
1.796936,-104.810440,-712.006531,2952.945001,-0.371037,3560.613051,-0.364289,1597.000000,-1374.000000,3
1.826562,-60.623264,-729.054993,2952.944997,-0.370982,3558.719509,-0.366183,1597.000000,-1374.000000,3
1.831971,-16.460009,-746.004333,2952.944989,-0.371056,3556.318799,-0.367103,1597.000000,-1374.000000,3
1.858897,27.683565,-762.889343,2952.944966,-0.371181,3553.782358,-0.367309,1597.000000,-1374.000000,3
1.885886,71.825066,-779.701050,2952.944926,-0.371346,3551.350522,-0.366885,1597.000000,-1374.000000,3
1.905946,115.954437,-796.498596,2952.944858,-0.371561,3549.190099,-0.366280,1597.000000,-1374.000000,3
1.927800,160.072510,-813.303223,2952.944777,-0.371794,3547.374832,-0.365680,1597.000000,-1374.000000,3
1.956070,204.181229,-830.126160,2952.944692,-0.372034,3545.922368,-0.365186,1597.000000,-1374.000000,3
1.966896,248.281403,-846.976074,2952.944605,-0.372276,3544.814488,-0.364854,1597.000000,-1374.000000,3
1.980557,292.373749,-863.857483,2952.944522,-0.372515,3544.011735,-0.364703,1597.000000,-1374.000000,3
1.988803,336.458923,-880.771912,2952.944442,-0.372746,3543.464705,-0.364728,1597.000000,-1374.000000,3
2.013870,380.537506,-897.718689,2952.944369,-0.372969,3543.123228,-0.364905,1597.000000,-1374.000000,3
2.021970,424.623413,-914.659851,2952.944301,-0.373183,3542.932703,-0.365026,1597.000000,-1374.000000,3
2.049061,468.702515,-931.631714,2952.944219,-0.373420,3542.856986,-0.365285,1597.000000,-1374.000000,3
2.082423,512.933228,-948.233032,2952.944141,-0.373649,3542.855030,-0.365482,1597.000000,-1374.000000,3
2.105562,557.044800,-965.143982,2952.943624,-0.374241,3542.905792,-0.365805,1597.000000,-1374.000000,3
2.133898,601.149109,-982.081238,2952.943449,-0.374585,3542.983172,-0.366342,1597.000000,-1374.000000,3
2.153499,644.596985,-998.448792,2891.299433,-0.374935,3543.073214,-0.366942,1597.000000,-1374.000000,3
2.179146,686.966614,-1015.310852,2829.654958,-0.375600,3543.161478,-0.367517,1597.000000,-1374.000000,3
2.187014,728.555298,-1031.117676,2768.011092,-0.375453,3538.497859,-0.368190,1597.000000,-1374.000000,3
2.211586,768.667908,-1046.802368,2706.366785,-0.376036,3525.206424,-0.368956,1597.000000,-1374.000000,3
2.234448,807.700317,-1061.876831,2644.722915,-0.376195,3501.558931,-0.369760,1597.000000,-1374.000000,3
2.241417,845.713440,-1076.891846,2583.078892,-0.376572,3467.329502,-0.370457,1597.000000,-1374.000000,3
2.266874,882.832581,-1091.277832,2521.435056,-0.376591,3423.301329,-0.371184,1597.000000,-1374.000000,3
2.292059,918.782349,-1105.589111,2459.791061,-0.376947,3370.739334,-0.371792,1597.000000,-1374.000000,3
2.321516,953.786926,-1119.202637,2398.147213,-0.376845,3311.151898,-0.372447,1597.000000,-1374.000000,3
2.346613,987.616638,-1132.697021,2336.503253,-0.377168,3246.038573,-0.372948,1597.000000,-1374.000000,3
2.369679,1020.505493,-1145.515503,2274.859397,-0.377035,3176.797691,-0.373530,1597.000000,-1374.000000,3
2.380543,1052.249878,-1158.225220,2213.215454,-0.377342,3104.630885,-0.373939,1597.000000,-1374.000000,3
2.516694,1083.092773,-1170.275024,2151.571572,-0.377139,3030.545712,-0.374474,1597.000000,-1374.000000,3
2.541231,1112.838013,-1182.221558,2089.927652,-0.377420,2955.312714,-0.374814,1597.000000,-1374.000000,3
2.566335,1141.722534,-1193.523682,2028.283737,-0.377143,2879.526121,-0.375323,1597.000000,-1374.000000,3
2.594330,1169.551025,-1204.723022,1966.639830,-0.377407,2803.589779,-0.375597,1597.000000,-1374.000000,3
2.603652,1196.548706,-1215.293823,1904.995881,-0.377068,2727.794429,-0.376076,1597.000000,-1374.000000,3
2.629119,1222.521362,-1225.756958,1843.351981,-0.377328,2652.289648,-0.376265,1597.000000,-1374.000000,3
2.655998,1247.499634,-1235.750610,1781.708004,-0.376937,2575.321129,-0.376271,1597.000000,-1374.000000,3
2.686179,1271.375854,-1245.613525,1720.064107,-0.376675,2497.619167,-0.376507,1597.000000,-1374.000000,3
2.714778,1294.275269,-1255.383911,1658.419209,-0.375564,2421.483017,-0.377564,1597.000000,-1374.000000,3
2.740662,1316.727783,-1263.788574,1596.771640,-0.373442,2346.796030,-0.378441,1597.000000,-1374.000000,3
2.764811,1337.668335,-1273.308594,1535.126626,-0.374657,2272.329311,-0.379113,1597.000000,-1374.000000,3
2.790574,1358.153198,-1281.308716,1473.468595,-0.370356,2197.857180,-0.379459,1597.000000,-1374.000000,3
2.810408,1377.642334,-1289.230835,1411.824738,-0.370187,2124.067663,-0.379131,1597.000000,-1374.000000,3
2.823413,1396.144409,-1296.964844,1350.179474,-0.368765,2050.339822,-0.378232,1597.000000,-1374.000000,3
2.849915,1414.024536,-1303.597900,1288.531309,-0.366232,1976.396177,-0.376774,1597.000000,-1374.000000,3
2.874662,1430.955322,-1309.922485,1226.886737,-0.367302,1902.271712,-0.375019,1597.000000,-1374.000000,3
2.882759,1447.309692,-1315.035645,1165.242294,-0.368297,1828.103850,-0.372882,1597.000000,-1374.000000,3
2.906775,1462.327271,-1320.803833,1103.570337,-0.375244,1753.904802,-0.370490,1597.000000,-1374.000000,3
2.932881,1476.508667,-1326.218750,1041.926006,-0.376191,1681.068276,-0.368769,1597.000000,-1374.000000,3
2.959674,1490.172974,-1330.491821,980.281235,-0.377532,1609.299375,-0.367343,1597.000000,-1374.000000,3
2.984088,1502.158936,-1336.239624,918.595624,-0.386764,1536.845149,-0.366157,1597.000000,-1374.000000,3
3.006475,1514.021484,-1339.848999,856.923423,-0.378905,1465.048868,-0.365968,1597.000000,-1374.000000,3
3.032714,1524.667236,-1344.005737,795.222622,-0.390436,1393.859089,-0.366624,1597.000000,-1374.000000,3
3.062646,1534.127197,-1348.627930,733.575987,-0.393089,1323.199211,-0.367898,1597.000000,-1374.000000,3
3.089067,1543.369385,-1351.362793,671.898843,-0.383560,1252.780856,-0.369126,1597.000000,-1374.000000,3
3.126908,1551.007568,-1355.265991,610.170634,-0.399407,1180.901069,-0.370482,1597.000000,-1374.000000,3
3.156523,1558.332886,-1357.464844,548.478366,-0.3868
=======
>>>>>>> 83fcdcae963e6243a4a12e5374bf2e3ea17776da
